
mysql> select * from Account where password='bobcat';
+----+-------------+----------+---------------------+------------+
| id | email       | password | createdOn           | modifiedOn |
+----+-------------+----------+---------------------+------------+
|  1 | me@work.com | bobcat   | 0000-00-00 00:00:00 | NULL       |
+----+-------------+----------+---------------------+------------+
1 row in set (0.00 sec)

mysql> select * from AddressBook where id=1;                                                                                
+----+-----------+---------+---------------------+------------+
| id | accountId | name    | createdOn           | modifiedOn |
+----+-----------+---------+---------------------+------------+
|  1 |         0 | pretzel | 0000-00-00 00:00:00 | NULL       |
+----+-----------+---------+---------------------+------------+
1 row in set (0.00 sec)


mysql> select * from Entry where lastName='Goodall';                                                                        
+----+---------------+-----------+----------+----------+------+---------+----------------+----------------+------------------+-----------------+-----------------+
| id | addressBookId | firstName | lastName | birthday | type | subtype | contentLineOne | contentLineTwo | contentLineThree | contentLineFour | contentLineFive |
+----+---------------+-----------+----------+----------+------+---------+----------------+----------------+------------------+-----------------+-----------------+
|  3 |             0 |           | Goodall  | NULL     | home | phone   |                | NULL           | NULL             | NULL            | NULL            |
+----+---------------+-----------+----------+----------+------+---------+----------------+----------------+------------------+-----------------+-----------------+
1 row in set (0.00 sec)

mysql> select * from Entry where lastName='McFly';
+----+---------------+-----------+----------+----------+------+---------+----------------+----------------+------------------+-----------------+-----------------+
| id | addressBookId | firstName | lastName | birthday | type | subtype | contentLineOne | contentLineTwo | contentLineThree | contentLineFour | contentLineFive |
+----+---------------+-----------+----------+----------+------+---------+----------------+----------------+------------------+-----------------+-----------------+
|  1 |             0 |           | McFly    | NULL     | home | phone   |                | NULL           | NULL             | NULL            | NULL            |
+----+---------------+-----------+----------+----------+------+---------+----------------+----------------+------------------+-----------------+-----------------+
1 row in set (0.00 sec)

mysql> select * from Entry where lastName='Anderson';
+----+---------------+-----------+----------+----------+------+---------+----------------+----------------+------------------+-----------------+-----------------+
| id | addressBookId | firstName | lastName | birthday | type | subtype | contentLineOne | contentLineTwo | contentLineThree | contentLineFour | contentLineFive |
+----+---------------+-----------+----------+----------+------+---------+----------------+----------------+------------------+-----------------+-----------------+
|  2 |             0 |           | Anderson | NULL     | home | phone   |                | NULL           | NULL             | NULL            | NULL            |
+----+---------------+-----------+----------+----------+------+---------+----------------+----------------+------------------+-----------------+-----------------+
1 row in set (0.00 sec)
